{"index.php":{"type":"-","perms":null,"user":1000,"group":1000,"size":245,"time":"2020-09-25T03:09:56+03:00","name":"index.php","path":"index.php"},".htaccess":{"type":"-","perms":null,"user":1000,"group":1000,"size":734,"time":"2020-09-25T03:09:56+03:00","name":".htaccess","path":".htaccess"},"zyro":{"type":"d","perms":null,"user":null,"group":null,"size":0,"time":"2020-09-25T03:09:56+03:00","name":"zyro","path":"zyro"},"zyro\/4.comments.dat":{"type":"-","perms":null,"user":1000,"group":1000,"size":2,"time":"2020-09-25T03:09:56+03:00","name":"4.comments.dat","path":"zyro\/4.comments.dat"},"zyro\/fonts":{"type":"d","perms":null,"user":null,"group":null,"size":0,"time":"2020-09-25T03:09:56+03:00","name":"fonts","path":"zyro\/fonts"},"zyro\/fonts\/glyphicons-halflings-regular.svg":{"type":"-","perms":null,"user":1000,"group":1000,"size":108738,"time":"2019-01-17T14:27:50+02:00","name":"glyphicons-halflings-regular.svg","path":"zyro\/fonts\/glyphicons-halflings-regular.svg"},"zyro\/fonts\/glyphicons-halflings-regular.eot":{"type":"-","perms":null,"user":1000,"group":1000,"size":20127,"time":"2019-01-17T14:27:50+02:00","name":"glyphicons-halflings-regular.eot","path":"zyro\/fonts\/glyphicons-halflings-regular.eot"},"zyro\/fonts\/glyphicons-halflings-regular.woff2":{"type":"-","perms":null,"user":1000,"group":1000,"size":18028,"time":"2019-01-17T14:27:50+02:00","name":"glyphicons-halflings-regular.woff2","path":"zyro\/fonts\/glyphicons-halflings-regular.woff2"},"zyro\/fonts\/glyphicons-halflings-regular.woff":{"type":"-","perms":null,"user":1000,"group":1000,"size":23424,"time":"2019-01-17T14:27:50+02:00","name":"glyphicons-halflings-regular.woff","path":"zyro\/fonts\/glyphicons-halflings-regular.woff"},"zyro\/fonts\/glyphicons-halflings-regular.ttf":{"type":"-","perms":null,"user":1000,"group":1000,"size":45404,"time":"2019-01-17T14:27:50+02:00","name":"glyphicons-halflings-regular.ttf","path":"zyro\/fonts\/glyphicons-halflings-regular.ttf"},"zyro\/comments.tpl.php":{"type":"-","perms":null,"user":1000,"group":1000,"size":1051,"time":"2019-01-17T14:27:51+02:00","name":"comments.tpl.php","path":"zyro\/comments.tpl.php"},"zyro\/functions.inc.php":{"type":"-","perms":null,"user":1000,"group":1000,"size":25442,"time":"2020-09-25T03:09:56+03:00","name":"functions.inc.php","path":"zyro\/functions.inc.php"},"zyro\/ga.php":{"type":"-","perms":null,"user":1000,"group":1000,"size":747,"time":"2019-01-17T14:27:51+02:00","name":"ga.php","path":"zyro\/ga.php"},"zyro\/js":{"type":"d","perms":null,"user":null,"group":null,"size":0,"time":"2020-09-25T03:09:56+03:00","name":"js","path":"zyro\/js"},"zyro\/js\/jquery-1.11.3.min.js":{"type":"-","perms":null,"user":1000,"group":1000,"size":95957,"time":"2019-01-17T14:27:51+02:00","name":"jquery-1.11.3.min.js","path":"zyro\/js\/jquery-1.11.3.min.js"},"zyro\/js\/MusicPlayer.js":{"type":"-","perms":null,"user":1000,"group":1000,"size":6956,"time":"2019-01-17T14:27:51+02:00","name":"MusicPlayer.js","path":"zyro\/js\/MusicPlayer.js"},"zyro\/js\/WB_Gallery.class.js":{"type":"-","perms":null,"user":1000,"group":1000,"size":13587,"time":"2019-01-17T14:27:51+02:00","name":"WB_Gallery.class.js","path":"zyro\/js\/WB_Gallery.class.js"},"zyro\/js\/main.js":{"type":"-","perms":null,"user":1000,"group":1000,"size":17828,"time":"2019-01-17T14:27:51+02:00","name":"main.js","path":"zyro\/js\/main.js"},"zyro\/js\/photoswipe":{"type":"d","perms":null,"user":null,"group":null,"size":0,"time":"2020-09-25T03:09:56+03:00","name":"photoswipe","path":"zyro\/js\/photoswipe"},"zyro\/js\/photoswipe\/photoswipe.min.js":{"type":"-","perms":null,"user":1000,"group":1000,"size":31903,"time":"2019-01-17T14:27:51+02:00","name":"photoswipe.min.js","path":"zyro\/js\/photoswipe\/photoswipe.min.js"},"zyro\/js\/photoswipe\/photoswipe-ui-default.min.js":{"type":"-","perms":null,"user":1000,"group":1000,"size":9878,"time":"2019-01-17T14:27:51+02:00","name":"photoswipe-ui-default.min.js","path":"zyro\/js\/photoswipe\/photoswipe-ui-default.min.js"},"zyro\/js\/photoswipe\/default-skin":{"type":"d","perms":null,"user":null,"group":null,"size":0,"time":"2020-09-25T03:09:56+03:00","name":"default-skin","path":"zyro\/js\/photoswipe\/default-skin"},"zyro\/js\/photoswipe\/default-skin\/default-skin.png":{"type":"-","perms":null,"user":1000,"group":1000,"size":547,"time":"2019-01-17T14:27:51+02:00","name":"default-skin.png","path":"zyro\/js\/photoswipe\/default-skin\/default-skin.png"},"zyro\/js\/photoswipe\/default-skin\/preloader.gif":{"type":"-","perms":null,"user":1000,"group":1000,"size":866,"time":"2019-01-17T14:27:51+02:00","name":"preloader.gif","path":"zyro\/js\/photoswipe\/default-skin\/preloader.gif"},"zyro\/js\/photoswipe\/default-skin\/default-skin.css":{"type":"-","perms":null,"user":1000,"group":1000,"size":11607,"time":"2019-01-17T14:27:51+02:00","name":"default-skin.css","path":"zyro\/js\/photoswipe\/default-skin\/default-skin.css"},"zyro\/js\/photoswipe\/default-skin\/default-skin.svg":{"type":"-","perms":null,"user":1000,"group":1000,"size":1554,"time":"2019-01-17T14:27:51+02:00","name":"default-skin.svg","path":"zyro\/js\/photoswipe\/default-skin\/default-skin.svg"},"zyro\/js\/photoswipe\/photoswipe.css":{"type":"-","perms":null,"user":1000,"group":1000,"size":4137,"time":"2019-01-17T14:27:51+02:00","name":"photoswipe.css","path":"zyro\/js\/photoswipe\/photoswipe.css"},"zyro\/js\/bootstrap.min.js":{"type":"-","perms":null,"user":1000,"group":1000,"size":37107,"time":"2019-01-17T14:27:50+02:00","name":"bootstrap.min.js","path":"zyro\/js\/bootstrap.min.js"},"zyro\/js\/html5shiv.min.js":{"type":"-","perms":null,"user":1000,"group":1000,"size":2730,"time":"2019-01-17T14:27:51+02:00","name":"html5shiv.min.js","path":"zyro\/js\/html5shiv.min.js"},"zyro\/index.php":{"type":"-","perms":null,"user":1000,"group":1000,"size":4620,"time":"2020-09-25T03:09:56+03:00","name":"index.php","path":"zyro\/index.php"},"zyro\/1.php":{"type":"-","perms":null,"user":1000,"group":1000,"size":8694,"time":"2020-09-25T03:09:56+03:00","name":"1.php","path":"zyro\/1.php"},"zyro\/3.comments.dat":{"type":"-","perms":null,"user":1000,"group":1000,"size":2,"time":"2020-09-25T03:09:56+03:00","name":"3.comments.dat","path":"zyro\/3.comments.dat"},"zyro\/.htaccess":{"type":"-","perms":null,"user":1000,"group":1000,"size":213,"time":"2020-09-25T03:09:56+03:00","name":".htaccess","path":"zyro\/.htaccess"},"zyro\/verify.php":{"type":"-","perms":null,"user":1000,"group":1000,"size":3232,"time":"2020-09-25T03:09:56+03:00","name":"verify.php","path":"zyro\/verify.php"},"zyro\/2.comments.dat":{"type":"-","perms":null,"user":1000,"group":1000,"size":2,"time":"2020-09-25T03:09:56+03:00","name":"2.comments.dat","path":"zyro\/2.comments.dat"},"zyro\/3.php":{"type":"-","perms":null,"user":1000,"group":1000,"size":7331,"time":"2020-09-25T03:09:56+03:00","name":"3.php","path":"zyro\/3.php"},"zyro\/1.comments.dat":{"type":"-","perms":null,"user":1000,"group":1000,"size":2,"time":"2020-09-25T03:09:56+03:00","name":"1.comments.dat","path":"zyro\/1.comments.dat"},"zyro\/css":{"type":"d","perms":null,"user":null,"group":null,"size":0,"time":"2020-09-25T03:09:56+03:00","name":"css","path":"zyro\/css"},"zyro\/css\/4.css":{"type":"-","perms":null,"user":1000,"group":1000,"size":4465,"time":"2020-09-25T03:09:56+03:00","name":"4.css","path":"zyro\/css\/4.css"},"zyro\/css\/fonts":{"type":"d","perms":null,"user":null,"group":null,"size":0,"time":"2020-09-25T03:09:56+03:00","name":"fonts","path":"zyro\/css\/fonts"},"zyro\/css\/fonts\/Capture it.ttf":{"type":"-","perms":null,"user":1000,"group":1000,"size":727444,"time":"2019-01-17T14:27:50+02:00","name":"Capture it.ttf","path":"zyro\/css\/fonts\/Capture it.ttf"},"zyro\/css\/fonts\/fontawesome-webfont.woff":{"type":"-","perms":null,"user":1000,"group":1000,"size":98024,"time":"2019-01-17T14:27:50+02:00","name":"fontawesome-webfont.woff","path":"zyro\/css\/fonts\/fontawesome-webfont.woff"},"zyro\/css\/fonts\/FontAwesome.otf":{"type":"-","perms":null,"user":1000,"group":1000,"size":134808,"time":"2019-01-17T14:27:50+02:00","name":"FontAwesome.otf","path":"zyro\/css\/fonts\/FontAwesome.otf"},"zyro\/css\/fonts\/fontawesome-webfont.ttf":{"type":"-","perms":null,"user":1000,"group":1000,"size":165548,"time":"2019-01-17T14:27:50+02:00","name":"fontawesome-webfont.ttf","path":"zyro\/css\/fonts\/fontawesome-webfont.ttf"},"zyro\/css\/fonts\/fontawesome-webfont.svg":{"type":"-","perms":null,"user":1000,"group":1000,"size":444379,"time":"2019-01-17T14:27:50+02:00","name":"fontawesome-webfont.svg","path":"zyro\/css\/fonts\/fontawesome-webfont.svg"},"zyro\/css\/fonts\/fontawesome-webfont.eot":{"type":"-","perms":null,"user":1000,"group":1000,"size":165742,"time":"2019-01-17T14:27:50+02:00","name":"fontawesome-webfont.eot","path":"zyro\/css\/fonts\/fontawesome-webfont.eot"},"zyro\/css\/fonts\/fontawesome-webfont.woff2":{"type":"-","perms":null,"user":1000,"group":1000,"size":77160,"time":"2019-01-17T14:27:50+02:00","name":"fontawesome-webfont.woff2","path":"zyro\/css\/fonts\/fontawesome-webfont.woff2"},"zyro\/css\/font-awesome":{"type":"d","perms":null,"user":null,"group":null,"size":0,"time":"2020-09-25T03:09:56+03:00","name":"font-awesome","path":"zyro\/css\/font-awesome"},"zyro\/css\/font-awesome\/font-awesome.min.css":{"type":"-","perms":null,"user":1000,"group":1000,"size":31000,"time":"2019-01-17T14:27:50+02:00","name":"font-awesome.min.css","path":"zyro\/css\/font-awesome\/font-awesome.min.css"},"zyro\/css\/3.css":{"type":"-","perms":null,"user":1000,"group":1000,"size":3654,"time":"2020-09-25T03:09:56+03:00","name":"3.css","path":"zyro\/css\/3.css"},"zyro\/css\/1.css":{"type":"-","perms":null,"user":1000,"group":1000,"size":8810,"time":"2020-09-25T03:09:56+03:00","name":"1.css","path":"zyro\/css\/1.css"},"zyro\/css\/flag-icon-css":{"type":"d","perms":null,"user":null,"group":null,"size":0,"time":"2020-09-25T03:09:56+03:00","name":"flag-icon-css","path":"zyro\/css\/flag-icon-css"},"zyro\/css\/flag-icon-css\/LICENSE":{"type":"-","perms":null,"user":1000,"group":1000,"size":1087,"time":"2019-01-17T14:27:50+02:00","name":"LICENSE","path":"zyro\/css\/flag-icon-css\/LICENSE"},"zyro\/css\/flag-icon-css\/css":{"type":"d","perms":null,"user":null,"group":null,"size":0,"time":"2020-09-25T03:09:56+03:00","name":"css","path":"zyro\/css\/flag-icon-css\/css"},"zyro\/css\/flag-icon-css\/css\/flag-icon.min.css":{"type":"-","perms":null,"user":1000,"group":1000,"size":332,"time":"2020-09-25T03:09:56+03:00","name":"flag-icon.min.css","path":"zyro\/css\/flag-icon-css\/css\/flag-icon.min.css"},"zyro\/css\/flag-icon-css\/flags":{"type":"d","perms":null,"user":null,"group":null,"size":0,"time":"2020-09-25T03:09:56+03:00","name":"flags","path":"zyro\/css\/flag-icon-css\/flags"},"zyro\/css\/flag-icon-css\/flags\/4x3":{"type":"d","perms":null,"user":null,"group":null,"size":0,"time":"2020-09-25T03:09:56+03:00","name":"4x3","path":"zyro\/css\/flag-icon-css\/flags\/4x3"},"zyro\/css\/flag-icon-css\/flags\/1x1":{"type":"d","perms":null,"user":null,"group":null,"size":0,"time":"2020-09-25T03:09:56+03:00","name":"1x1","path":"zyro\/css\/flag-icon-css\/flags\/1x1"},"zyro\/css\/site.css":{"type":"-","perms":null,"user":1000,"group":1000,"size":32853,"time":"2019-01-17T14:27:50+02:00","name":"site.css","path":"zyro\/css\/site.css"},"zyro\/css\/2.css":{"type":"-","perms":null,"user":1000,"group":1000,"size":4120,"time":"2020-09-25T03:09:56+03:00","name":"2.css","path":"zyro\/css\/2.css"},"zyro\/css\/common.css":{"type":"-","perms":null,"user":1000,"group":1000,"size":10926,"time":"2020-09-25T03:09:56+03:00","name":"common.css","path":"zyro\/css\/common.css"},"zyro\/css\/bootstrap.min.css":{"type":"-","perms":null,"user":1000,"group":1000,"size":122155,"time":"2019-01-17T14:27:50+02:00","name":"bootstrap.min.css","path":"zyro\/css\/bootstrap.min.css"},"zyro\/2.php":{"type":"-","perms":null,"user":1000,"group":1000,"size":7091,"time":"2020-09-25T03:09:56+03:00","name":"2.php","path":"zyro\/2.php"},"zyro\/404.html":{"type":"-","perms":null,"user":1000,"group":1000,"size":101,"time":"2020-09-25T03:09:56+03:00","name":"404.html","path":"zyro\/404.html"},"zyro\/img":{"type":"d","perms":null,"user":null,"group":null,"size":0,"time":"2020-09-25T03:09:56+03:00","name":"img","path":"zyro\/img"},"zyro\/img\/icon-logo.png":{"type":"-","perms":null,"user":1000,"group":1000,"size":15916,"time":"2019-01-17T14:27:50+02:00","name":"icon-logo.png","path":"zyro\/img\/icon-logo.png"},"zyro\/phpmailer":{"type":"d","perms":null,"user":null,"group":null,"size":0,"time":"2020-09-25T03:09:56+03:00","name":"phpmailer","path":"zyro\/phpmailer"},"zyro\/phpmailer\/index.php":{"type":"-","perms":null,"user":1000,"group":1000,"size":122,"time":"2019-01-17T14:27:51+02:00","name":"index.php","path":"zyro\/phpmailer\/index.php"},"zyro\/phpmailer\/LICENSE":{"type":"-","perms":null,"user":1000,"group":1000,"size":26421,"time":"2019-01-17T14:27:51+02:00","name":"LICENSE","path":"zyro\/phpmailer\/LICENSE"},"zyro\/phpmailer\/.htaccess":{"type":"-","perms":null,"user":1000,"group":1000,"size":31,"time":"2019-01-17T14:27:51+02:00","name":".htaccess","path":"zyro\/phpmailer\/.htaccess"},"zyro\/phpmailer\/class.smtp.php":{"type":"-","perms":null,"user":1000,"group":1000,"size":42054,"time":"2019-01-17T14:27:51+02:00","name":"class.smtp.php","path":"zyro\/phpmailer\/class.smtp.php"},"zyro\/phpmailer\/class.phpmailer.php":{"type":"-","perms":null,"user":1000,"group":1000,"size":146050,"time":"2019-01-17T14:27:51+02:00","name":"class.phpmailer.php","path":"zyro\/phpmailer\/class.phpmailer.php"},"zyro\/4.php":{"type":"-","perms":null,"user":1000,"group":1000,"size":8964,"time":"2020-09-25T03:09:56+03:00","name":"4.php","path":"zyro\/4.php"},"zyro\/src":{"type":"d","perms":null,"user":null,"group":null,"size":0,"time":"2020-09-25T03:09:56+03:00","name":"src","path":"zyro\/src"},"zyro\/src\/SiteInfo.php":{"type":"-","perms":null,"user":1000,"group":1000,"size":1430,"time":"2020-09-25T03:09:56+03:00","name":"SiteInfo.php","path":"zyro\/src\/SiteInfo.php"},"zyro\/src\/SiteModule.php":{"type":"-","perms":null,"user":1000,"group":1000,"size":290,"time":"2020-09-25T03:09:56+03:00","name":"SiteModule.php","path":"zyro\/src\/SiteModule.php"},"zyro\/polyfill.php":{"type":"-","perms":null,"user":1000,"group":1000,"size":1129,"time":"2020-09-25T03:09:56+03:00","name":"polyfill.php","path":"zyro\/polyfill.php"},"zyro\/class.json.php":{"type":"-","perms":null,"user":1000,"group":1000,"size":39679,"time":"2019-01-17T14:27:51+02:00","name":"class.json.php","path":"zyro\/class.json.php"},"zyro\/phpseclib":{"type":"d","perms":null,"user":null,"group":null,"size":0,"time":"2020-09-25T03:09:56+03:00","name":"phpseclib","path":"zyro\/phpseclib"},"zyro\/phpseclib\/Crypt":{"type":"d","perms":null,"user":null,"group":null,"size":0,"time":"2020-09-25T03:09:56+03:00","name":"Crypt","path":"zyro\/phpseclib\/Crypt"},"zyro\/phpseclib\/Crypt\/RSA.php":{"type":"-","perms":null,"user":1000,"group":1000,"size":107900,"time":"2020-09-25T03:09:56+03:00","name":"RSA.php","path":"zyro\/phpseclib\/Crypt\/RSA.php"},"zyro\/phpseclib\/Crypt\/Hash.php":{"type":"-","perms":null,"user":1000,"group":1000,"size":27648,"time":"2020-09-25T03:09:56+03:00","name":"Hash.php","path":"zyro\/phpseclib\/Crypt\/Hash.php"},"zyro\/phpseclib\/Crypt\/Random.php":{"type":"-","perms":null,"user":1000,"group":1000,"size":12223,"time":"2020-09-25T03:09:56+03:00","name":"Random.php","path":"zyro\/phpseclib\/Crypt\/Random.php"},"zyro\/phpseclib\/Math":{"type":"d","perms":null,"user":null,"group":null,"size":0,"time":"2020-09-25T03:09:56+03:00","name":"Math","path":"zyro\/phpseclib\/Math"},"zyro\/phpseclib\/Math\/BigInteger.php":{"type":"-","perms":null,"user":1000,"group":1000,"size":126729,"time":"2020-09-25T03:09:56+03:00","name":"BigInteger.php","path":"zyro\/phpseclib\/Math\/BigInteger.php"},"zyro\/gallery":{"type":"d","perms":null,"user":null,"group":null,"size":0,"time":"2020-09-24T20:10:07+03:00","name":"gallery","path":"zyro\/gallery"},"zyro\/gallery\/color-wheel-ts1463039036.png":{"type":"-","perms":null,"user":1000,"group":1000,"size":11893,"time":"2020-09-24T20:10:07+03:00","name":"color-wheel-ts1463039036.png","path":"zyro\/gallery\/color-wheel-ts1463039036.png"},"zyro\/gallery\/wall_with_paints-ts1463142713.jpg":{"type":"-","perms":null,"user":1000,"group":1000,"size":558027,"time":"2020-09-24T20:10:07+03:00","name":"wall_with_paints-ts1463142713.jpg","path":"zyro\/gallery\/wall_with_paints-ts1463142713.jpg"},"zyro\/gallery\/smaller_wall-ts1463142034.jpg":{"type":"-","perms":null,"user":1000,"group":1000,"size":282175,"time":"2020-09-24T20:10:07+03:00","name":"smaller_wall-ts1463142034.jpg","path":"zyro\/gallery\/smaller_wall-ts1463142034.jpg"},"zyro\/gallery\/paint_colors-ts1463035672.jpg":{"type":"-","perms":null,"user":1000,"group":1000,"size":93411,"time":"2020-09-24T20:10:07+03:00","name":"paint_colors-ts1463035672.jpg","path":"zyro\/gallery\/paint_colors-ts1463035672.jpg"},"zyro\/gallery\/top-ts1421427959.jpg":{"type":"-","perms":null,"user":1000,"group":1000,"size":11059,"time":"2020-09-24T20:10:07+03:00","name":"top-ts1421427959.jpg","path":"zyro\/gallery\/top-ts1421427959.jpg"},"zyro\/gallery\/colour_services.png":{"type":"-","perms":null,"user":1000,"group":1000,"size":5236,"time":"2020-09-24T20:10:07+03:00","name":"colour_services.png","path":"zyro\/gallery\/colour_services.png"},"zyro\/gallery\/paint_brushes-ts1463035672.jpg":{"type":"-","perms":null,"user":1000,"group":1000,"size":65887,"time":"2020-09-24T20:10:07+03:00","name":"paint_brushes-ts1463035672.jpg","path":"zyro\/gallery\/paint_brushes-ts1463035672.jpg"},"zyro\/gallery\/paint-ts1463034216.jpg":{"type":"-","perms":null,"user":1000,"group":1000,"size":121479,"time":"2020-09-24T20:10:07+03:00","name":"paint-ts1463034216.jpg","path":"zyro\/gallery\/paint-ts1463034216.jpg"},"zyro\/gallery\/1_250-ts1463142366.jpg":{"type":"-","perms":null,"user":1000,"group":1000,"size":73584,"time":"2020-09-24T20:10:07+03:00","name":"1_250-ts1463142366.jpg","path":"zyro\/gallery\/1_250-ts1463142366.jpg"},"zyro\/gallery\/brush-ts1463035671.jpg":{"type":"-","perms":null,"user":1000,"group":1000,"size":78421,"time":"2020-09-24T20:10:07+03:00","name":"brush-ts1463035671.jpg","path":"zyro\/gallery\/brush-ts1463035671.jpg"},"zyro\/gallery\/color_palete-ts1463033953.jpg":{"type":"-","perms":null,"user":1000,"group":1000,"size":102128,"time":"2020-09-24T20:10:07+03:00","name":"color_palete-ts1463033953.jpg","path":"zyro\/gallery\/color_palete-ts1463033953.jpg"},"zyro\/gallery_gen":{"type":"d","perms":null,"user":null,"group":null,"size":0,"time":"2020-09-25T01:16:31+03:00","name":"gallery_gen","path":"zyro\/gallery_gen"},"zyro\/gallery_gen\/fa98a4c8e4ebe2a4cfc269d95579f5a0.png":{"type":"-","perms":null,"user":1000,"group":1000,"size":5236,"time":"2020-09-25T01:16:31+03:00","name":"fa98a4c8e4ebe2a4cfc269d95579f5a0.png","path":"zyro\/gallery_gen\/fa98a4c8e4ebe2a4cfc269d95579f5a0.png"},"zyro\/gallery_gen\/0f195dd63d1c3c3ea794d5a001bd18df.jpg":{"type":"-","perms":null,"user":1000,"group":1000,"size":11059,"time":"2020-09-25T01:16:31+03:00","name":"0f195dd63d1c3c3ea794d5a001bd18df.jpg","path":"zyro\/gallery_gen\/0f195dd63d1c3c3ea794d5a001bd18df.jpg"},"zyro\/gallery_gen\/166fe5dc1e5f11b37f578d3cbc849299.jpg":{"type":"-","perms":null,"user":1000,"group":1000,"size":93411,"time":"2020-09-25T01:16:31+03:00","name":"166fe5dc1e5f11b37f578d3cbc849299.jpg","path":"zyro\/gallery_gen\/166fe5dc1e5f11b37f578d3cbc849299.jpg"},"zyro\/gallery_gen\/a76ff2e4e27d763dcaadb9d0680251eb.jpg":{"type":"-","perms":null,"user":1000,"group":1000,"size":78421,"time":"2020-09-25T01:16:31+03:00","name":"a76ff2e4e27d763dcaadb9d0680251eb.jpg","path":"zyro\/gallery_gen\/a76ff2e4e27d763dcaadb9d0680251eb.jpg"},"zyro\/gallery_gen\/3e771af946f8da1843df1c30a2c38cba.jpg":{"type":"-","perms":null,"user":1000,"group":1000,"size":73584,"time":"2020-09-25T01:16:31+03:00","name":"3e771af946f8da1843df1c30a2c38cba.jpg","path":"zyro\/gallery_gen\/3e771af946f8da1843df1c30a2c38cba.jpg"},"zyro\/gallery_gen\/c73a13a8b2d2953a849e98d1be2bd841.jpg":{"type":"-","perms":null,"user":1000,"group":1000,"size":282175,"time":"2020-09-25T01:16:31+03:00","name":"c73a13a8b2d2953a849e98d1be2bd841.jpg","path":"zyro\/gallery_gen\/c73a13a8b2d2953a849e98d1be2bd841.jpg"},"zyro\/gallery_gen\/079176e02410b889f6f1cdd51d4c2335_600x240.jpg":{"type":"-","perms":null,"user":1000,"group":1000,"size":114057,"time":"2020-09-25T01:16:31+03:00","name":"079176e02410b889f6f1cdd51d4c2335_600x240.jpg","path":"zyro\/gallery_gen\/079176e02410b889f6f1cdd51d4c2335_600x240.jpg"},"zyro\/gallery_gen\/27cb0f08aa12b195ea4fd74dc656f73c.jpg":{"type":"-","perms":null,"user":1000,"group":1000,"size":65887,"time":"2020-09-25T01:16:31+03:00","name":"27cb0f08aa12b195ea4fd74dc656f73c.jpg","path":"zyro\/gallery_gen\/27cb0f08aa12b195ea4fd74dc656f73c.jpg"},"zyro\/gallery_gen\/b4cdeeb8e24439990023878a0fd5c8ab.jpg":{"type":"-","perms":null,"user":1000,"group":1000,"size":558027,"time":"2020-09-25T01:16:31+03:00","name":"b4cdeeb8e24439990023878a0fd5c8ab.jpg","path":"zyro\/gallery_gen\/b4cdeeb8e24439990023878a0fd5c8ab.jpg"},"zyro\/gallery_gen\/9c7b61fe34f59f8ee38b98148905e53a_600x290.jpg":{"type":"-","perms":null,"user":1000,"group":1000,"size":191604,"time":"2020-09-25T01:16:31+03:00","name":"9c7b61fe34f59f8ee38b98148905e53a_600x290.jpg","path":"zyro\/gallery_gen\/9c7b61fe34f59f8ee38b98148905e53a_600x290.jpg"},"zyro\/gallery_gen\/ee8402fd972fe40d3d918779fa67e25e_220x220.png":{"type":"-","perms":null,"user":1000,"group":1000,"size":25153,"time":"2020-09-25T01:16:31+03:00","name":"ee8402fd972fe40d3d918779fa67e25e_220x220.png","path":"zyro\/gallery_gen\/ee8402fd972fe40d3d918779fa67e25e_220x220.png"},"zyro\/sitemap.xml":{"type":"-","perms":null,"user":1000,"group":1000,"size":408,"time":"2020-09-25T03:09:56+03:00","name":"sitemap.xml","path":"zyro\/sitemap.xml"},"web.config":{"type":"-","perms":null,"user":1000,"group":1000,"size":859,"time":"2020-09-25T03:09:56+03:00","name":"web.config","path":"web.config"}}